profile,run,elapsed_ms,success,platform_statuses
Shafee_77,0,1445.27,True,"{""leetcode"": ""success"", ""codeforces"": ""success"", ""codechef"": ""success""}"
Shafee_77,1,1506.49,True,"{""leetcode"": ""success"", ""codeforces"": ""success"", ""codechef"": ""success""}"
Shafee_77,2,1509.81,True,"{""leetcode"": ""success"", ""codeforces"": ""success"", ""codechef"": ""success""}"
Shafee_77,3,1755.36,True,"{""leetcode"": ""success"", ""codeforces"": ""success"", ""codechef"": ""success""}"
Shafee_77,4,1948.19,True,"{""leetcode"": ""success"", ""codeforces"": ""success"", ""codechef"": ""success""}"
mohit,0,2044.53,True,"{""leetcode"": ""success"", ""codeforces"": ""success"", ""codechef"": ""success""}"
mohit,1,1168.72,True,"{""leetcode"": ""success"", ""codeforces"": ""success"", ""codechef"": ""success""}"
mohit,2,1411.03,True,"{""leetcode"": ""success"", ""codeforces"": ""success"", ""codechef"": ""success""}"
mohit,3,1332.57,True,"{""leetcode"": ""success"", ""codeforces"": ""success"", ""codechef"": ""success""}"
mohit,4,1826.33,True,"{""leetcode"": ""success"", ""codeforces"": ""success"", ""codechef"": ""stale""}"
sh_7,0,2467.32,True,"{""leetcode"": ""success"", ""codeforces"": ""failed"", ""codechef"": ""failed""}"
sh_7,1,2939.72,True,"{""leetcode"": ""success"", ""codeforces"": ""failed"", ""codechef"": ""failed""}"
sh_7,2,2479.45,True,"{""leetcode"": ""success"", ""codeforces"": ""failed"", ""codechef"": ""success""}"
sh_7,3,3626.06,True,"{""leetcode"": ""success"", ""codeforces"": ""failed"", ""codechef"": ""success""}"
sh_7,4,3505.46,True,"{""leetcode"": ""success"", ""codeforces"": ""failed"", ""codechef"": ""success""}"
prem,0,3194.55,True,"{""leetcode"": ""success"", ""codeforces"": ""success"", ""codechef"": ""success""}"
prem,1,1853.17,True,"{""leetcode"": ""success"", ""codeforces"": ""success"", ""codechef"": ""stale""}"
prem,2,1919.5,True,"{""leetcode"": ""success"", ""codeforces"": ""success"", ""codechef"": ""success""}"
prem,3,1120.88,True,"{""leetcode"": ""success"", ""codeforces"": ""success"", ""codechef"": ""success""}"
prem,4,2059.76,True,"{""leetcode"": ""success"", ""codeforces"": ""success"", ""codechef"": ""success""}"
sh,0,1249.26,True,"{""leetcode"": ""success"", ""codeforces"": ""success"", ""codechef"": ""success""}"
sh,1,1646.54,True,"{""leetcode"": ""success"", ""codeforces"": ""success"", ""codechef"": ""success""}"
sh,2,1677.42,True,"{""leetcode"": ""success"", ""codeforces"": ""success"", ""codechef"": ""stale""}"
sh,3,1240.54,True,"{""leetcode"": ""success"", ""codeforces"": ""success"", ""codechef"": ""success""}"
sh,4,1799.44,True,"{""leetcode"": ""success"", ""codeforces"": ""success"", ""codechef"": ""success""}"
