phase,run,elapsed_ms,status,x_cache,recs_count,content_hash
cache_miss,1,3094.99,200,MISS,50,bd7879f34a81
cache_miss,2,2942.94,200,MISS,50,bd7879f34a81
cache_miss,3,3082.66,200,MISS,50,bd7879f34a81
cache_miss,4,2985.16,200,MISS,50,bd7879f34a81
cache_miss,5,3216.35,200,MISS,50,bd7879f34a81
cache_miss,6,2992.75,200,MISS,50,bd7879f34a81
cache_miss,7,3083.1,200,MISS,50,bd7879f34a81
cache_miss,8,2853.76,200,MISS,50,bd7879f34a81
cache_miss,9,3015.61,200,MISS,50,bd7879f34a81
cache_miss,10,3170.5,200,MISS,50,bd7879f34a81
cache_miss,11,3165.27,200,MISS,50,bd7879f34a81
cache_miss,12,2851.32,200,MISS,50,bd7879f34a81
cache_miss,13,3089.02,200,MISS,50,bd7879f34a81
cache_miss,14,2964.81,200,MISS,50,bd7879f34a81
cache_miss,15,3004.03,200,MISS,50,bd7879f34a81
cache_miss,16,3125.22,200,MISS,50,bd7879f34a81
cache_miss,17,3071.49,200,MISS,50,bd7879f34a81
cache_miss,18,3160.11,200,MISS,50,bd7879f34a81
cache_miss,19,3069.93,200,MISS,50,bd7879f34a81
cache_miss,20,3404.0,200,MISS,50,bd7879f34a81
cache_hit,1,6.69,200,HIT,50,bd7879f34a81
cache_hit,2,23.73,200,HIT,50,bd7879f34a81
cache_hit,3,8.45,200,HIT,50,bd7879f34a81
cache_hit,4,9.07,200,HIT,50,bd7879f34a81
cache_hit,5,6.38,200,HIT,50,bd7879f34a81
cache_hit,6,6.66,200,HIT,50,bd7879f34a81
cache_hit,7,5.9,200,HIT,50,bd7879f34a81
cache_hit,8,5.99,200,HIT,50,bd7879f34a81
cache_hit,9,5.4,200,HIT,50,bd7879f34a81
cache_hit,10,6.33,200,HIT,50,bd7879f34a81
cache_hit,11,16.34,200,HIT,50,bd7879f34a81
cache_hit,12,6.0,200,HIT,50,bd7879f34a81
cache_hit,13,5.79,200,HIT,50,bd7879f34a81
cache_hit,14,6.02,200,HIT,50,bd7879f34a81
cache_hit,15,6.07,200,HIT,50,bd7879f34a81
cache_hit,16,5.36,200,HIT,50,bd7879f34a81
cache_hit,17,5.44,200,HIT,50,bd7879f34a81
cache_hit,18,5.31,200,HIT,50,bd7879f34a81
cache_hit,19,20.83,200,HIT,50,bd7879f34a81
cache_hit,20,28.77,200,HIT,50,bd7879f34a81
