profile,lc_username,solved_slug_count,run,total_ms,vector_ms,search_ms
Shafee_77,Shafee_77,0,0,5.43,0.1,5.33
Shafee_77,Shafee_77,0,1,5.857,0.136,5.721
Shafee_77,Shafee_77,0,2,5.239,0.099,5.14
Shafee_77,Shafee_77,0,3,5.384,0.125,5.259
Shafee_77,Shafee_77,0,4,5.153,0.098,5.055
Shafee_77,Shafee_77,0,5,5.081,0.082,4.998
Shafee_77,Shafee_77,0,6,5.611,0.078,5.533
Shafee_77,Shafee_77,0,7,5.965,0.105,5.86
Shafee_77,Shafee_77,0,8,5.598,0.089,5.509
Shafee_77,Shafee_77,0,9,5.371,0.097,5.273
Shafee_77,Shafee_77,0,10,5.269,0.111,5.158
Shafee_77,Shafee_77,0,11,5.399,0.094,5.305
Shafee_77,Shafee_77,0,12,6.138,0.11,6.028
Shafee_77,Shafee_77,0,13,5.834,0.108,5.726
Shafee_77,Shafee_77,0,14,4.991,0.098,4.893
Shafee_77,Shafee_77,0,15,6.932,0.145,6.787
Shafee_77,Shafee_77,0,16,5.401,0.133,5.268
Shafee_77,Shafee_77,0,17,6.633,0.105,6.528
Shafee_77,Shafee_77,0,18,5.967,0.115,5.853
Shafee_77,Shafee_77,0,19,5.27,0.097,5.173
Thorfin_7,Shafee_77,219,0,10.473,1.677,8.796
Thorfin_7,Shafee_77,219,1,9.134,1.852,7.282
Thorfin_7,Shafee_77,219,2,9.806,1.553,8.254
Thorfin_7,Shafee_77,219,3,11.502,1.709,9.793
Thorfin_7,Shafee_77,219,4,9.686,1.742,7.944
Thorfin_7,Shafee_77,219,5,11.34,2.959,8.38
Thorfin_7,Shafee_77,219,6,9.294,1.583,7.712
Thorfin_7,Shafee_77,219,7,8.454,1.465,6.988
Thorfin_7,Shafee_77,219,8,9.972,1.787,8.185
Thorfin_7,Shafee_77,219,9,9.369,1.609,7.76
Thorfin_7,Shafee_77,219,10,10.287,2.406,7.881
Thorfin_7,Shafee_77,219,11,10.206,1.549,8.657
Thorfin_7,Shafee_77,219,12,9.417,1.923,7.494
Thorfin_7,Shafee_77,219,13,10.94,2.286,8.654
Thorfin_7,Shafee_77,219,14,10.781,2.093,8.688
Thorfin_7,Shafee_77,219,15,10.581,1.788,8.793
Thorfin_7,Shafee_77,219,16,11.079,2.284,8.795
Thorfin_7,Shafee_77,219,17,10.996,1.79,9.206
Thorfin_7,Shafee_77,219,18,9.975,2.005,7.97
Thorfin_7,Shafee_77,219,19,10.567,2.031,8.535
jd,(none),0,0,7.654,0.099,7.555
jd,(none),0,1,6.705,0.111,6.594
jd,(none),0,2,7.055,0.103,6.952
jd,(none),0,3,6.61,0.133,6.477
jd,(none),0,4,6.761,0.104,6.657
jd,(none),0,5,5.868,0.125,5.743
jd,(none),0,6,6.518,0.117,6.401
jd,(none),0,7,5.913,0.139,5.774
jd,(none),0,8,6.418,0.1,6.318
jd,(none),0,9,5.929,0.091,5.838
jd,(none),0,10,7.166,0.105,7.061
jd,(none),0,11,6.364,0.11,6.254
jd,(none),0,12,6.084,0.101,5.983
jd,(none),0,13,5.626,0.106,5.52
jd,(none),0,14,6.295,0.095,6.2
jd,(none),0,15,5.941,0.09,5.851
jd,(none),0,16,7.01,0.098,6.912
jd,(none),0,17,6.476,0.179,6.297
jd,(none),0,18,5.214,0.103,5.111
jd,(none),0,19,5.62,0.091,5.529
ahad@gmail.com,(none),0,0,8.501,0.117,8.385
ahad@gmail.com,(none),0,1,7.681,0.112,7.569
ahad@gmail.com,(none),0,2,7.431,0.136,7.294
ahad@gmail.com,(none),0,3,6.611,0.127,6.485
ahad@gmail.com,(none),0,4,5.988,0.295,5.693
ahad@gmail.com,(none),0,5,7.998,0.152,7.846
ahad@gmail.com,(none),0,6,5.272,0.229,5.043
ahad@gmail.com,(none),0,7,6.642,0.101,6.541
ahad@gmail.com,(none),0,8,5.752,0.111,5.641
ahad@gmail.com,(none),0,9,5.74,0.099,5.64
ahad@gmail.com,(none),0,10,6.135,0.1,6.035
ahad@gmail.com,(none),0,11,5.412,0.108,5.303
ahad@gmail.com,(none),0,12,5.339,0.099,5.24
ahad@gmail.com,(none),0,13,5.857,0.096,5.761
ahad@gmail.com,(none),0,14,5.826,0.106,5.721
ahad@gmail.com,(none),0,15,5.761,0.13,5.631
ahad@gmail.com,(none),0,16,6.75,0.121,6.63
ahad@gmail.com,(none),0,17,6.247,0.121,6.126
ahad@gmail.com,(none),0,18,6.438,0.1,6.337
ahad@gmail.com,(none),0,19,6.348,0.112,6.236
mohit,smohitraj,684,0,9.809,2.565,7.244
mohit,smohitraj,684,1,9.54,2.398,7.142
mohit,smohitraj,684,2,10.429,2.816,7.614
mohit,smohitraj,684,3,12.448,3.22,9.229
mohit,smohitraj,684,4,12.892,2.548,10.344
mohit,smohitraj,684,5,18.085,3.444,14.641
mohit,smohitraj,684,6,16.576,6.027,10.549
mohit,smohitraj,684,7,12.337,2.672,9.665
mohit,smohitraj,684,8,18.483,3.866,14.617
mohit,smohitraj,684,9,16.135,3.875,12.261
mohit,smohitraj,684,10,12.009,3.045,8.964
mohit,smohitraj,684,11,13.171,2.849,10.323
mohit,smohitraj,684,12,14.206,3.828,10.378
mohit,smohitraj,684,13,11.993,3.01,8.983
mohit,smohitraj,684,14,11.352,3.841,7.511
mohit,smohitraj,684,15,11.241,2.996,8.245
mohit,smohitraj,684,16,14.366,3.651,10.716
mohit,smohitraj,684,17,15.952,4.895,11.057
mohit,smohitraj,684,18,18.495,6.11,12.385
mohit,smohitraj,684,19,19.443,5.336,14.107
shafe,(none),0,0,5.631,0.111,5.52
shafe,(none),0,1,6.576,0.124,6.452
shafe,(none),0,2,5.507,0.122,5.385
shafe,(none),0,3,5.356,0.077,5.279
shafe,(none),0,4,4.506,0.083,4.423
shafe,(none),0,5,4.927,0.073,4.854
shafe,(none),0,6,6.193,0.107,6.086
shafe,(none),0,7,4.939,0.111,4.828
shafe,(none),0,8,4.772,0.064,4.708
shafe,(none),0,9,6.271,0.094,6.177
shafe,(none),0,10,6.226,0.111,6.116
shafe,(none),0,11,5.907,0.064,5.843
shafe,(none),0,12,6.038,0.123,5.916
shafe,(none),0,13,5.315,0.153,5.162
shafe,(none),0,14,5.267,0.103,5.164
shafe,(none),0,15,5.424,0.065,5.359
shafe,(none),0,16,7.352,0.214,7.137
shafe,(none),0,17,7.609,0.109,7.501
shafe,(none),0,18,6.427,0.117,6.31
shafe,(none),0,19,6.546,0.106,6.44
ajs,Shafee_77,0,0,6.58,0.116,6.464
ajs,Shafee_77,0,1,6.769,0.077,6.692
ajs,Shafee_77,0,2,6.573,0.115,6.457
ajs,Shafee_77,0,3,6.909,0.117,6.791
ajs,Shafee_77,0,4,5.999,0.114,5.885
ajs,Shafee_77,0,5,6.613,0.077,6.535
ajs,Shafee_77,0,6,7.447,0.106,7.341
ajs,Shafee_77,0,7,6.04,0.164,5.875
ajs,Shafee_77,0,8,4.988,0.085,4.903
ajs,Shafee_77,0,9,7.453,0.081,7.371
ajs,Shafee_77,0,10,5.901,0.12,5.782
ajs,Shafee_77,0,11,5.788,0.133,5.655
ajs,Shafee_77,0,12,6.007,0.109,5.899
ajs,Shafee_77,0,13,6.242,0.101,6.141
ajs,Shafee_77,0,14,5.222,0.103,5.119
ajs,Shafee_77,0,15,5.172,0.078,5.094
ajs,Shafee_77,0,16,5.756,0.099,5.657
ajs,Shafee_77,0,17,4.862,0.107,4.755
ajs,Shafee_77,0,18,4.981,0.129,4.851
ajs,Shafee_77,0,19,5.649,0.1,5.55
sh_7,balajiii_,0,0,8.551,0.116,8.435
sh_7,balajiii_,0,1,6.621,0.119,6.502
sh_7,balajiii_,0,2,9.29,0.113,9.177
sh_7,balajiii_,0,3,7.67,0.153,7.517
sh_7,balajiii_,0,4,8.045,0.11,7.935
sh_7,balajiii_,0,5,7.247,0.155,7.092
sh_7,balajiii_,0,6,8.077,0.169,7.908
sh_7,balajiii_,0,7,5.932,0.111,5.821
sh_7,balajiii_,0,8,5.627,0.12,5.507
sh_7,balajiii_,0,9,6.511,0.098,6.413
sh_7,balajiii_,0,10,5.947,0.103,5.844
sh_7,balajiii_,0,11,6.538,0.146,6.392
sh_7,balajiii_,0,12,6.853,0.106,6.747
sh_7,balajiii_,0,13,6.656,0.062,6.594
sh_7,balajiii_,0,14,6.759,0.068,6.691
sh_7,balajiii_,0,15,4.977,0.094,4.884
sh_7,balajiii_,0,16,6.976,0.059,6.917
sh_7,balajiii_,0,17,6.398,0.12,6.277
sh_7,balajiii_,0,18,9.704,0.315,9.39
sh_7,balajiii_,0,19,6.464,0.111,6.353
prem,premsks67,18,0,9.941,1.125,8.816
prem,premsks67,18,1,9.248,1.262,7.986
prem,premsks67,18,2,9.895,1.116,8.779
prem,premsks67,18,3,9.167,1.114,8.054
prem,premsks67,18,4,9.858,1.464,8.394
prem,premsks67,18,5,9.516,1.209,8.307
prem,premsks67,18,6,8.977,1.134,7.843
prem,premsks67,18,7,10.043,1.146,8.897
prem,premsks67,18,8,12.038,1.352,10.687
prem,premsks67,18,9,9.519,1.155,8.364
prem,premsks67,18,10,11.29,1.388,9.902
prem,premsks67,18,11,12.273,2.236,10.038
prem,premsks67,18,12,10.26,1.387,8.872
prem,premsks67,18,13,13.424,2.148,11.276
prem,premsks67,18,14,12.7,3.171,9.528
prem,premsks67,18,15,10.691,1.47,9.221
prem,premsks67,18,16,10.276,1.315,8.961
prem,premsks67,18,17,10.242,1.228,9.015
prem,premsks67,18,18,13.477,1.449,12.027
prem,premsks67,18,19,16.845,1.762,15.083
sh,Shafee7,186,0,12.796,2.399,10.396
sh,Shafee7,186,1,12.372,2.258,10.114
sh,Shafee7,186,2,10.188,1.859,8.329
sh,Shafee7,186,3,10.335,1.896,8.44
sh,Shafee7,186,4,22.397,1.575,20.822
sh,Shafee7,186,5,19.014,2.27,16.744
sh,Shafee7,186,6,14.897,1.456,13.44
sh,Shafee7,186,7,12.702,3.943,8.759
sh,Shafee7,186,8,12.685,4.242,8.443
sh,Shafee7,186,9,10.948,1.952,8.995
sh,Shafee7,186,10,10.38,1.711,8.669
sh,Shafee7,186,11,14.748,4.393,10.356
sh,Shafee7,186,12,10.748,1.691,9.058
sh,Shafee7,186,13,11.78,1.802,9.978
sh,Shafee7,186,14,18.107,5.073,13.034
sh,Shafee7,186,15,11.193,1.906,9.286
sh,Shafee7,186,16,9.254,1.039,8.215
sh,Shafee7,186,17,11.055,2.013,9.042
sh,Shafee7,186,18,15.246,2.115,13.13
sh,Shafee7,186,19,13.175,2.856,10.32
