profile,solved_slug_count,weak_tags,weak_tag_coverage,Easy_%,Medium_%,Hard_%,total_recs,integrity_issues
Shafee_77,0,Array|Dynamic Programming|String|Math|Tree,1.0,20.0,58.0,22.0,50,0
Thorfin_7,219,Graph|Breadth-first Search|Union Find|Design|Greedy,1.0,8.0,68.0,24.0,50,0
jd,0,Array|Dynamic Programming|String|Math|Tree,1.0,20.0,58.0,22.0,50,0
ahad@gmail.com,0,Array|Dynamic Programming|String|Math|Tree,1.0,20.0,58.0,22.0,50,0
mohit,684,Union Find|Trie|Segment Tree|Graph|Queue,1.0,4.0,62.0,34.0,50,0
shafe,0,Array|Dynamic Programming|String|Math|Tree,1.0,20.0,58.0,22.0,50,0
ajs,0,Array|Dynamic Programming|String|Math|Tree,1.0,20.0,58.0,22.0,50,0
sh_7,0,Array|Dynamic Programming|String|Math|Tree,1.0,20.0,58.0,22.0,50,0
prem,18,Math|Tree|Depth-first Search|Breadth-first Search|Dynamic Programming,1.0,12.0,70.0,18.0,50,0
sh,186,Depth-first Search|Backtracking|Graph|Tree|Union Find,1.0,4.0,76.0,20.0,50,0
